{
  "main": "jukebox-api.raml",
  "name": "Jukebox API",
  "groupId": "6a383bed-3afc-4c46-b0a4-57cd318781e6",
  "assetId": "jukebox-api",
  "version": "1.0.2",
  "classifier": "raml",
  "tags": [],
  "descriptorVersion": "1.0.0",
  "organizationId": "6a383bed-3afc-4c46-b0a4-57cd318781e6",
  "apiVersion": "v1",
  "originalFormatVersion": "1.0",
  "dependencies": [
    {
      "groupId": "68ef9520-24e9-4cf2-b2f5-620025690913",
      "assetId": "training-oauth20-security-scheme",
      "version": "1.0.2"
    }
  ]
}